{
    "Colors": {
        "Border": "80808080",
        "BorderShadow": "00000000",
        "Button": "5A669C9F",
        "ButtonActive": "768ACCFF",
        "ButtonHovered": "667BB6CA",
        "CheckMark": "E6E6E680",
        "ChildBg": "00000000",
        "DockingEmptyBg": "333333FF",
        "DockingPreview": "6666E651",
        "DragDropTarget": "FFFF00E6",
        "FrameBg": "6E6E6E64",
        "FrameBgActive": "6C69A4B0",
        "FrameBgHovered": "7878B066",
        "Header": "6666E673",
        "HeaderActive": "8888DECC",
        "HeaderHovered": "7373E6CC",
        "MenuBarBg": "66668DCC",
        "ModalWindowDimBg": "3333335A",
        "NavHighlight": "7373E6CC",
        "NavWindowingDimBg": "CCCCCC33",
        "NavWindowingHighlight": "FFFFFFB3",
        "PlotHistogram": "E6B300FF",
        "PlotHistogramHovered": "FF9900FF",
        "PlotLines": "FFFFFFFF",
        "PlotLinesHovered": "E6B300FF",
        "PopupBg": "1D1D24EB",
        "ResizeGrip": "FFFFFF1A",
        "ResizeGripActive": "C7D2FFE6",
        "ResizeGripHovered": "C7D2FF99",
        "ScrollbarBg": "33404D99",
        "ScrollbarGrab": "6666CC4D",
        "ScrollbarGrabActive": "6964CC99",
        "ScrollbarGrabHovered": "6666CC66",
        "Separator": "80808099",
        "SeparatorActive": "B3B3E6FF",
        "SeparatorHovered": "9999B3FF",
        "SliderGrab": "FFFFFF4D",
        "SliderGrabActive": "6964CC99",
        "Tab": "5656AFC9",
        "TabActive": "6868BAD7",
        "TabHovered": "7373E6CC",
        "TabUnfocused": "494992D2",
        "TabUnfocusedActive": "5A5AA7D6",
        "TableBorderLight": "434348FF",
        "TableBorderStrong": "505073FF",
        "TableHeaderBg": "454561FF",
        "TableRowBg": "00000000",
        "TableRowBgAlt": "FFFFFF12",
        "Text": "E6E6E6FF",
        "TextDisabled": "999999FF",
        "TextSelectedBg": "0000FF5A",
        "TitleBg": "45458AD4",
        "TitleBgActive": "5252A1DE",
        "TitleBgCollapsed": "6666CC33",
        "WindowBg": "000000D9"
    },
    "Styles": {
        "Alpha": 1.0,
        "AntiAliasedFill": true,
        "AntiAliasedLines": true,
        "AntiAliasedLinesUseTex": true,
        "ButtonTextAlign": [
            0.5,
            0.5
        ],
        "CellPadding": [
            4.0,
            2.0
        ],
        "ChildBorderSize": 1.0,
        "ChildRounding": 5.0,
        "CircleTessellationMaxError": 0.30000001192092896,
        "ColorButtonPosition": 1,
        "ColumnsMinSpacing": 6.0,
        "CurveTessellationTol": 1.25,
        "DisabledAlpha": 0.6000000238418579,
        "DisplaySafeAreaPadding": [
            3.0,
            3.0
        ],
        "DisplayWindowPadding": [
            19.0,
            19.0
        ],
        "FrameBorderSize": 0.0,
        "FramePadding": [
            4.0,
            3.0
        ],
        "FrameRounding": 4.0,
        "GrabMinSize": 10.0,
        "GrabRounding": 4.0,
        "IndentSpacing": 21.0,
        "ItemInnerSpacing": [
            4.0,
            4.0
        ],
        "ItemSpacing": [
            8.0,
            4.0
        ],
        "LogSliderDeadzone": 4.0,
        "MouseCursorScale": 1.0,
        "PopupBorderSize": 1.0,
        "PopupRounding": 0.0,
        "ScrollbarRounding": 9.0,
        "ScrollbarSize": 14.0,
        "SelectableTextAlign": [
            0.0,
            0.0
        ],
        "TabBorderSize": 0.0,
        "TabMinWidthForCloseButton": 0.0,
        "TabRounding": 4.0,
        "TouchExtraPadding": [
            0.0,
            0.0
        ],
        "WindowBorderSize": 1.0,
        "WindowMenuButtonPosition": 0,
        "WindowMinSize": [
            32.0,
            32.0
        ],
        "WindowPadding": [
            8.0,
            8.0
        ],
        "WindowRounding": 0.0,
        "WindowTitleAlign": [
            0.0,
            0.5
        ]
    }
}
