{
    "Colors": {
        "Border": "21212100",
        "BorderShadow": "212121FF",
        "Button": "E15252FF",
        "ButtonActive": "212121FF",
        "ButtonHovered": "212121FF",
        "CheckMark": "DB4806FF",
        "ChildBg": "212121FF",
        "DockingEmptyBg": "3333339F",
        "DockingPreview": "212121FF",
        "DragDropTarget": "212121FF",
        "FrameBg": "2B2B2BFF",
        "FrameBgActive": "212121FF",
        "FrameBgHovered": "212121FF",
        "Header": "212121FF",
        "HeaderActive": "E15252FF",
        "HeaderHovered": "B13B3BFF",
        "MenuBarBg": "212121FF",
        "ModalWindowDimBg": "212121FF",
        "NavHighlight": "212121FF",
        "NavWindowingDimBg": "212121FF",
        "NavWindowingHighlight": "212121FF",
        "PlotHistogram": "CDE60000",
        "PlotHistogramHovered": "FF92001C",
        "PlotLines": "9C9C9CFF",
        "PlotLinesHovered": "EEFB0300",
        "PopupBg": "212121FF",
        "ResizeGrip": "FA434333",
        "ResizeGripActive": "F3DE04FF",
        "ResizeGripHovered": "FA4343AB",
        "ScrollbarBg": "212121FF",
        "ScrollbarGrab": "212121FF",
        "ScrollbarGrabActive": "E15353FF",
        "ScrollbarGrabHovered": "E15252FF",
        "Separator": "6E6E8067",
        "SeparatorActive": "E16407E7",
        "SeparatorHovered": "C0AC1A00",
        "SliderGrab": "F13F13A6",
        "SliderGrabActive": "FAD543FF",
        "Tab": "212121FF",
        "TabActive": "FF4404FF",
        "TabHovered": "5B4F0800",
        "TabUnfocused": "212121FF",
        "TabUnfocusedActive": "212121FF",
        "TableBorderLight": "3B3B4017",
        "TableBorderStrong": "50505A76",
        "TableHeaderBg": "31313365",
        "TableRowBg": "00000000",
        "TableRowBgAlt": "FFFFFF10",
        "Text": "FFFFFFFE",
        "TextDisabled": "13D432FF",
        "TextSelectedBg": "E6CF1FEA",
        "TitleBg": "212121FF",
        "TitleBgActive": "7E7D7D9E",
        "TitleBgCollapsed": "212121FF",
        "WindowBg": "212121FF"
    },
    "Styles": {
        "Alpha": 1.0,
        "AntiAliasedFill": true,
        "AntiAliasedLines": true,
        "AntiAliasedLinesUseTex": true,
        "ButtonTextAlign": [
            0.5,
            0.5
        ],
        "CellPadding": [
            4.0,
            2.0
        ],
        "ChildBorderSize": 1.0,
        "ChildRounding": 0.0,
        "CircleTessellationMaxError": 0.30000001192092896,
        "ColorButtonPosition": 1,
        "ColumnsMinSpacing": 6.0,
        "CurveTessellationTol": 1.25,
        "DisabledAlpha": 0.6000000238418579,
        "DisplaySafeAreaPadding": [
            3.0,
            3.0
        ],
        "DisplayWindowPadding": [
            19.0,
            19.0
        ],
        "FrameBorderSize": 0.0,
        "FramePadding": [
            4.0,
            3.0
        ],
        "FrameRounding": 0.0,
        "GrabMinSize": 10.0,
        "GrabRounding": 0.0,
        "IndentSpacing": 21.0,
        "ItemInnerSpacing": [
            4.0,
            4.0
        ],
        "ItemSpacing": [
            8.0,
            4.0
        ],
        "LogSliderDeadzone": 4.0,
        "MouseCursorScale": 1.0,
        "PopupBorderSize": 1.0,
        "PopupRounding": 0.0,
        "ScrollbarRounding": 9.0,
        "ScrollbarSize": 14.0,
        "SelectableTextAlign": [
            0.0,
            0.0
        ],
        "TabBorderSize": 0.0,
        "TabMinWidthForCloseButton": 0.0,
        "TabRounding": 4.0,
        "TouchExtraPadding": [
            0.0,
            0.0
        ],
        "WindowBorderSize": 1.0,
        "WindowMenuButtonPosition": 0,
        "WindowMinSize": [
            32.0,
            32.0
        ],
        "WindowPadding": [
            8.0,
            8.0
        ],
        "WindowRounding": 0.0,
        "WindowTitleAlign": [
            0.0,
            0.5
        ]
    }
}
