{
    "Colors": {
        "Border": "26383FFF",
        "BorderShadow": "33333300",
        "Button": "23303DFF",
        "ButtonActive": "474968FF",
        "ButtonHovered": "444C70FF",
        "CheckMark": "A5BCDBFF",
        "ChildBg": "1E262BFF",
        "DockingEmptyBg": "333333FF",
        "DockingPreview": "4296F9B2",
        "DragDropTarget": "FFFF00E5",
        "FrameBg": "2D3F44FF",
        "FrameBgActive": "30383DFF",
        "FrameBgHovered": "26303DFF",
        "Header": "0000003D",
        "HeaderActive": "0070EAFF",
        "HeaderHovered": "1E2833CC",
        "MenuBarBg": "1E232DFF",
        "ModalWindowDimBg": "CCCCCC59",
        "NavHighlight": "4296F9FF",
        "NavWindowingDimBg": "CCCCCC33",
        "NavWindowingHighlight": "FFFFFFB2",
        "PlotHistogram": "E5B200FF",
        "PlotHistogramHovered": "FF9900FF",
        "PlotLines": "9B9B9BFF",
        "PlotLinesHovered": "FF6D59FF",
        "PopupBg": "14161CEF",
        "ResizeGrip": "A3C9F93F",
        "ResizeGripActive": "6D8CB2F2",
        "ResizeGripHovered": "A5BFDDAA",
        "ScrollbarBg": "1C1C1C63",
        "ScrollbarGrab": "875E5EFF",
        "ScrollbarGrabActive": "8E1919FF",
        "ScrollbarGrabHovered": "7C3A3AFF",
        "Separator": "333F49FF",
        "SeparatorActive": "6B91BFFF",
        "SeparatorHovered": "4F7299C6",
        "SliderGrab": "5977ADFF",
        "SliderGrabActive": "ADCCFFFF",
        "Tab": "1C262BFF",
        "TabActive": "333F49FF",
        "TabHovered": "969696CC",
        "TabUnfocused": "1C262BFF",
        "TabUnfocusedActive": "1C262BFF",
        "TableBorderLight": "3A3A3FFF",
        "TableBorderStrong": "4F4F59FF",
        "TableHeaderBg": "303033FF",
        "TableRowBg": "333F49FF",
        "TableRowBgAlt": "1C262BFF",
        "Text": "F2F4F9FF",
        "TextDisabled": "2B353DFF",
        "TextSelectedBg": "4296F959",
        "TitleBg": "232D38A5",
        "TitleBgActive": "212830FF",
        "TitleBgCollapsed": "26262682",
        "WindowBg": "1E2623FF"
    },
    "Styles": {
        "Alpha": 1.0,
        "AntiAliasedFill": true,
        "AntiAliasedLines": true,
        "AntiAliasedLinesUseTex": true,
        "ButtonTextAlign": [
            0.5,
            0.5
        ],
        "CellPadding": [
            4.0,
            2.0
        ],
        "ChildBorderSize": 1.0,
        "ChildRounding": 5.0,
        "CircleTessellationMaxError": 0.30000001192092896,
        "ColorButtonPosition": 1,
        "ColumnsMinSpacing": 6.0,
        "CurveTessellationTol": 1.25,
        "DisabledAlpha": 0.6000000238418579,
        "DisplaySafeAreaPadding": [
            3.0,
            3.0
        ],
        "DisplayWindowPadding": [
            19.0,
            19.0
        ],
        "FrameBorderSize": 0.0,
        "FramePadding": [
            4.0,
            3.0
        ],
        "FrameRounding": 4.0,
        "GrabMinSize": 10.0,
        "GrabRounding": 4.0,
        "IndentSpacing": 21.0,
        "ItemInnerSpacing": [
            4.0,
            4.0
        ],
        "ItemSpacing": [
            8.0,
            4.0
        ],
        "LogSliderDeadzone": 4.0,
        "MouseCursorScale": 1.0,
        "PopupBorderSize": 1.0,
        "PopupRounding": 0.0,
        "ScrollbarRounding": 9.0,
        "ScrollbarSize": 14.0,
        "SelectableTextAlign": [
            0.0,
            0.0
        ],
        "TabBorderSize": 0.0,
        "TabMinWidthForCloseButton": 0.0,
        "TabRounding": 4.0,
        "TouchExtraPadding": [
            0.0,
            0.0
        ],
        "WindowBorderSize": 1.0,
        "WindowMenuButtonPosition": 0,
        "WindowMinSize": [
            32.0,
            32.0
        ],
        "WindowPadding": [
            8.0,
            8.0
        ],
        "WindowRounding": 0.0,
        "WindowTitleAlign": [
            0.0,
            0.5
        ]
    }
}
