{
    "Colors": {
        "Border": "00FFED6D",
        "BorderShadow": "00000000",
        "Button": "4397FA66",
        "ButtonActive": "1088FAFF",
        "ButtonHovered": "4397FAFF",
        "CheckMark": "FF00DAFF",
        "ChildBg": "00000000",
        "DockingEmptyBg": "333333FF",
        "DockingPreview": "4397FAB3",
        "DragDropTarget": "FFFF00E6",
        "FrameBg": "1BE9FF54",
        "FrameBgActive": "4397FAAB",
        "FrameBgHovered": "4397FA66",
        "Header": "FF0000C2",
        "HeaderActive": "4397FAFF",
        "HeaderHovered": "4397FACC",
        "MenuBarBg": "242424FF",
        "ModalWindowDimBg": "CCCCCC5A",
        "NavHighlight": "4397FAFF",
        "NavWindowingDimBg": "CCCCCC33",
        "NavWindowingHighlight": "FFFFFFB3",
        "PlotHistogram": "E6B300FF",
        "PlotHistogramHovered": "FF9900FF",
        "PlotLines": "9C9C9CFF",
        "PlotLinesHovered": "FF6E5AFF",
        "PopupBg": "151515F0",
        "ResizeGrip": "4397FA33",
        "ResizeGripActive": "4397FAF3",
        "ResizeGripHovered": "4397FAAB",
        "ScrollbarBg": "BF00FF61",
        "ScrollbarGrab": "505050FF",
        "ScrollbarGrabActive": "838383FF",
        "ScrollbarGrabHovered": "696969FF",
        "Separator": "6E6E8080",
        "SeparatorActive": "1A66C0FF",
        "SeparatorHovered": "1A66C0C7",
        "SliderGrab": "65E6F0FF",
        "SliderGrabActive": "4397FAFF",
        "Tab": "2E5A94DC",
        "TabActive": "3369AEFF",
        "TabHovered": "4397FACC",
        "TabUnfocused": "121B26F8",
        "TabUnfocusedActive": "23436DFF",
        "TableBorderLight": "3B3B40FF",
        "TableBorderStrong": "50505AFF",
        "TableHeaderBg": "313133FF",
        "TableRowBg": "00000000",
        "TableRowBgAlt": "FFFFFF10",
        "Text": "FFFFFFFF",
        "TextDisabled": "808080FF",
        "TextSelectedBg": "4397FA5A",
        "TitleBg": "B100FF67",
        "TitleBgActive": "05EEFF72",
        "TitleBgCollapsed": "00000083",
        "WindowBg": "33233BA4"
    },
    "Styles": {
        "Alpha": 1.0,
        "AntiAliasedFill": true,
        "AntiAliasedLines": true,
        "AntiAliasedLinesUseTex": true,
        "ButtonTextAlign": [
            0.5,
            0.5
        ],
        "CellPadding": [
            4.0,
            2.0
        ],
        "ChildBorderSize": 1.0,
        "ChildRounding": 5.0,
        "CircleTessellationMaxError": 0.30000001192092896,
        "ColorButtonPosition": 1,
        "ColumnsMinSpacing": 6.0,
        "CurveTessellationTol": 1.25,
        "DisabledAlpha": 0.6000000238418579,
        "DisplaySafeAreaPadding": [
            4.0,
            3.0
        ],
        "DisplayWindowPadding": [
            19.0,
            19.0
        ],
        "FrameBorderSize": 0.0,
        "FramePadding": [
            4.0,
            3.0
        ],
        "FrameRounding": 12.0,
        "GrabMinSize": 10.0,
        "GrabRounding": 4.0,
        "IndentSpacing": 21.0,
        "ItemInnerSpacing": [
            4.0,
            4.0
        ],
        "ItemSpacing": [
            8.0,
            4.0
        ],
        "LogSliderDeadzone": 4.0,
        "MouseCursorScale": 1.0,
        "PopupBorderSize": 1.0,
        "PopupRounding": 0.0,
        "ScrollbarRounding": 9.0,
        "ScrollbarSize": 14.0,
        "SelectableTextAlign": [
            0.5099999904632568,
            0.0
        ],
        "TabBorderSize": 0.0,
        "TabMinWidthForCloseButton": 0.0,
        "TabRounding": 4.0,
        "TouchExtraPadding": [
            0.0,
            0.0
        ],
        "WindowBorderSize": 1.0,
        "WindowMenuButtonPosition": 0,
        "WindowMinSize": [
            32.0,
            32.0
        ],
        "WindowPadding": [
            8.0,
            8.0
        ],
        "WindowRounding": 12.0,
        "WindowTitleAlign": [
            0.5,
            0.5
        ]
    }
}
